Tv,Radio,Newspaper,Sales,campaign_id,region,product,channel_mix,campaign_date,total_spend,impressions,clicks,conversions,cost_per_click,cost_per_acquisition,customer_lifetime_value,return_on_ad_spend,ingestion_timestamp,data_source,record_id
163.3,31.6,52.9,16.9,Q1_2024_Launch,Central,ProductD,Digital,2025-09-03 01:12:44.077069,247.8,187340,8987,405.0,0.027573161232891958,0.6118518518518519,41.384902517286854,0.0682001614205004,2025-09-24 01:12:44.081543,marketing_automation_platform,96
195.4,47.7,52.9,22.4,Q4_2024_Holiday,East,ProductD,Hybrid,2025-02-01 01:12:44.077069,296.0,228538,9647,274.0,0.03068311392142635,1.0802919708029197,61.30367197573361,0.07567567567567567,2025-09-24 01:12:44.081543,marketing_automation_platform,16
292.9,28.3,43.2,21.4,Q3_2024_BackToSchool,East,ProductD,Traditional,2024-11-21 01:12:44.077069,364.4,315915,11283,1101.0,0.032296375077550295,0.3309718437783833,41.69263195142777,0.05872667398463227,2025-09-24 01:12:44.081543,marketing_automation_platform,31
131.7,18.4,34.6,12.9,Q4_2024_Holiday,South,ProductB,Digital,2025-03-12 01:12:44.077069,184.7,147902,4796,220.0,0.03851125938281901,0.8395454545454545,25.98034499513971,0.06984298863021116,2025-09-24 01:12:44.081543,marketing_automation_platform,160
139.5,2.1,26.6,10.3,Q1_2024_Launch,South,ProductB,Digital,2025-07-27 01:12:44.077069,168.2,146909,4881,304.0,0.03446015160827699,0.5532894736842104,28.22466075334851,0.06123662306777646,2025-09-24 01:12:44.081543,marketing_automation_platform,187
75.1,35.0,52.7,12.6,Q1_2024_Launch,South,ProductD,Hybrid,2024-11-10 01:12:44.077069,162.8,103815,1353,56.0,0.12032520325203253,2.9071428571428575,23.379826499347555,0.07739557739557738,2025-09-24 01:12:44.081543,marketing_automation_platform,116
216.8,43.9,27.2,22.3,Q4_2024_Holiday,Central,ProductC,Digital,2025-04-29 01:12:44.077069,287.9,244833,7320,663.0,0.03933060109289617,0.4342383107088989,65.58810944723939,0.07745745050364711,2025-09-24 01:12:44.081543,marketing_automation_platform,70
19.6,20.1,17.0,7.6,Q2_2024_Summer,North,ProductC,Digital,2025-05-12 01:12:44.077069,56.7,33159,1494,184.0,0.03795180722891566,0.3081521739130435,14.310494381904123,0.13403880070546736,2025-09-24 01:12:44.081543,marketing_automation_platform,173
85.7,35.8,49.3,13.3,Q3_2024_BackToSchool,East,ProductA,Hybrid,2024-11-24 01:12:44.077069,170.8,113772,5165,583.0,0.03306873184898355,0.29296740994854203,22.458543160542646,0.0778688524590164,2025-09-24 01:12:44.081543,marketing_automation_platform,162
175.1,22.5,31.5,14.9,Q4_2024_Holiday,West,ProductA,Digital,2025-08-18 01:12:44.077069,229.1,195266,8043,446.0,0.028484396369513863,0.513677130044843,38.549873613185206,0.0650371017023134,2025-09-24 01:12:44.081543,marketing_automation_platform,46
31.5,24.6,2.2,9.5,Q4_2024_Holiday,West,ProductA,Digital,2025-06-10 01:12:44.077069,58.300000000000004,44026,1317,181.0,0.04426727410782081,0.3220994475138122,17.150990494876957,0.1629502572898799,2025-09-24 01:12:44.081543,marketing_automation_platform,67
280.7,13.9,37.0,16.1,Q4_2024_Holiday,East,ProductA,Hybrid,2024-10-29 01:12:44.077069,331.59999999999997,294134,7903,1092.0,0.04195874984183221,0.30366300366300364,33.74670257141529,0.048552472858866116,2025-09-24 01:12:44.081543,marketing_automation_platform,151
17.9,37.6,21.6,8.0,Q2_2024_Summer,Central,ProductA,Traditional,2024-11-06 01:12:44.077069,77.1,40347,1700,79.0,0.04535294117647058,0.9759493670886076,13.94858273594785,0.10376134889753567,2025-09-24 01:12:44.081543,marketing_automation_platform,167
5.4,29.9,9.4,5.3,Q1_2024_Launch,North,ProductB,Traditional,2025-06-02 01:12:44.077069,44.699999999999996,21787,648,33.0,0.06898148148148148,1.3545454545454545,12.62506410581613,0.11856823266219241,2025-09-24 01:12:44.081543,marketing_automation_platform,79
38.2,3.7,13.8,7.6,Q4_2024_Holiday,Central,ProductD,Digital,2025-01-14 01:12:44.077069,55.7,42588,931,105.0,0.059828141783029004,0.5304761904761905,19.97767649381753,0.1364452423698384,2025-09-24 01:12:44.081543,marketing_automation_platform,196
28.6,1.5,33.0,7.3,Q4_2024_Holiday,South,ProductC,Digital,2025-02-27 01:12:44.077069,63.1,37460,1029,,0.06132167152575316,3.1550000000000002,13.531923428853348,0.11568938193343899,2025-09-24 01:12:44.081543,marketing_automation_platform,92
7.3,28.1,41.4,5.5,Q3_2024_BackToSchool,North,ProductA,Traditional,2024-12-24 01:12:44.077069,76.8,30511,571,63.0,0.13450087565674254,1.219047619047619,9.583798489211123,0.07161458333333334,2025-09-24 01:12:44.081543,marketing_automation_platform,57
171.3,39.7,37.7,19.0,Q4_2024_Holiday,South,ProductA,Digital,2025-08-16 01:12:44.077069,248.7,198442,2420,287.0,0.10276859504132231,0.8665505226480836,28.99532402028617,0.07639726578206675,2025-09-24 01:12:44.081543,marketing_automation_platform,154
75.3,20.3,32.5,11.3,Q2_2024_Summer,South,ProductB,Traditional,2025-04-19 01:12:44.077069,128.1,91675,3743,166.0,0.03422388458455784,0.7716867469879518,27.081414431086902,0.08821233411397347,2025-09-24 01:12:44.081543,marketing_automation_platform,83
237.4,27.5,11.0,18.9,Q1_2024_Launch,West,ProductB,Traditional,2025-04-02 01:12:44.077069,275.9,253801,6652,705.0,0.04147624774503908,0.3913475177304964,,0.06850308082638637,2025-09-24 01:12:44.081543,marketing_automation_platform,69
87.2,11.8,25.9,10.6,Q2_2024_Summer,West,ProductA,Hybrid,2025-01-02 01:12:44.077069,124.9,99847,3756,391.0,0.03325346112886049,0.3194373401534527,30.982475342137796,0.08486789431545236,2025-09-24 01:12:44.081543,marketing_automation_platform,126
67.8,36.6,114.0,12.5,Q1_2024_Launch,South,ProductA,Digital,2025-02-20 01:12:44.077069,218.4,107339,5318,383.0,0.04106807070327191,0.5702349869451697,25.458775329905087,0.05723443223443223,2025-09-24 01:12:44.081543,marketing_automation_platform,17
253.8,21.3,30.0,17.6,Q1_2024_Launch,North,ProductA,Digital,2025-03-07 01:12:44.077069,305.1,270753,3114,127.0,0.09797687861271677,2.4023622047244095,42.25609192322064,0.057686004588659454,2025-09-24 01:12:44.081543,marketing_automation_platform,185
250.9,36.5,72.3,22.2,Q1_2024_Launch,South,ProductA,Traditional,2025-07-21 01:12:44.077069,359.7,284606,11060,1309.0,0.03252260397830018,0.2747899159663865,46.79682909675525,0.061718098415346125,2025-09-24 01:12:44.081543,marketing_automation_platform,94
69.0,9.3,0.9,9.3,Q3_2024_BackToSchool,West,ProductD,Hybrid,2025-01-07 01:12:44.077069,79.2,73225,3119,271.0,0.02539275408784867,0.2922509225092251,19.786677051913756,0.11742424242424243,2025-09-24 01:12:44.081543,marketing_automation_platform,66
53.5,2.0,21.4,8.1,Q3_2024_BackToSchool,West,ProductC,Digital,2024-12-13 01:12:44.077069,76.9,60777,2797,95.0,0.02749374329638899,0.8094736842105263,18.741115423990315,0.10533159947984394,2025-09-24 01:12:44.081543,marketing_automation_platform,61
213.5,43.0,33.8,21.7,Q3_2024_BackToSchool,South,ProductD,Traditional,2025-08-27 01:12:44.077069,290.3,243469,5880,852.0,0.04937074829931973,0.34072769953051646,53.87055397898513,0.07475025835342748,2025-09-24 01:12:44.081543,marketing_automation_platform,85
139.3,14.5,10.2,13.4,Q1_2024_Launch,Central,ProductA,Digital,2025-07-30 01:12:44.077069,164.0,148749,1887,177.0,0.08691043985161633,0.9265536723163842,36.99309336616636,0.08170731707317073,2025-09-24 01:12:44.081543,marketing_automation_platform,68
7.8,38.9,50.6,6.6,Q3_2024_BackToSchool,South,ProductC,Traditional,2025-02-01 01:12:44.077069,97.3,36192,1116,,0.0871863799283154,0.9009259259259259,12.40002504254665,0.06783144912641316,2025-09-24 01:12:44.081543,marketing_automation_platform,127
73.4,17.0,12.9,10.9,Q4_2024_Holiday,South,ProductB,Digital,2025-05-12 01:12:44.077069,103.30000000000001,84898,998,127.0,0.10350701402805612,0.8133858267716536,18.360572719459398,0.10551790900290416,2025-09-24 01:12:44.081543,marketing_automation_platform,141
199.8,2.6,21.2,10.6,Q2_2024_Summer,West,ProductB,Digital,2025-04-26 01:12:44.077069,223.6,205991,6962,1028.0,0.032117207698937084,0.21750972762645915,28.235295299108,0.04740608228980322,2025-09-24 01:12:44.081543,marketing_automation_platform,10
69.2,20.5,18.3,11.3,Q3_2024_BackToSchool,South,ProductC,Digital,2025-06-08 01:12:44.077069,108.0,82760,3498,174.0,0.030874785591766724,0.6206896551724138,33.51805524803562,0.10462962962962964,2025-09-24 01:12:44.081543,marketing_automation_platform,19
198.9,49.4,60.0,23.7,Q4_2024_Holiday,South,ProductC,Digital,2025-08-29 01:12:44.077069,308.3,235610,6149,127.0,0.05013823385916409,2.4275590551181105,37.10217193149669,0.07687317547843009,2025-09-24 01:12:44.081543,marketing_automation_platform,56
16.9,43.7,89.4,8.7,Q3_2024_BackToSchool,West,ProductB,Traditional,2025-07-24 01:12:44.077069,150.0,57127,2244,90.0,0.06684491978609626,1.6666666666666667,19.63822570870388,0.057999999999999996,2025-09-24 01:12:44.081543,marketing_automation_platform,76
117.2,14.7,5.4,11.9,Q3_2024_BackToSchool,North,ProductC,Digital,2024-10-21 01:12:44.077069,137.3,124911,3270,296.0,0.04198776758409786,0.4638513513513514,34.62578328589412,0.08667152221412965,2025-09-24 01:12:44.081543,marketing_automation_platform,165
238.2,34.3,5.3,20.7,Q1_2024_Launch,East,ProductC,Traditional,2025-03-05 01:12:44.077069,277.8,256889,11266,640.0,0.02465826380259187,0.4340625,49.0408326246157,0.07451403887688984,2025-09-24 01:12:44.081543,marketing_automation_platform,105
25.6,39.0,9.3,9.5,Q2_2024_Summer,West,ProductA,Traditional,2024-11-04 01:12:44.077069,73.89999999999999,46357,1662,237.0,0.04446450060168471,0.31181434599156116,22.20349855671255,0.12855209742895807,2025-09-24 01:12:44.081543,marketing_automation_platform,137
43.0,25.9,20.5,9.6,Q2_2024_Summer,West,ProductA,Digital,2024-11-25 01:12:44.077069,89.4,59422,716,93.0,0.12486033519553073,0.9612903225806452,14.892303829523877,0.10738255033557045,2025-09-24 01:12:44.081543,marketing_automation_platform,139
234.5,3.4,84.8,11.9,Q2_2024_Summer,South,ProductC,Traditional,2025-01-09 01:12:44.077069,322.7,254065,8358,340.0,0.03860971524288107,0.9491176470588235,30.932245692392954,0.036876355748373106,2025-09-24 01:12:44.081543,marketing_automation_platform,166
27.5,1.6,20.7,6.9,Q4_2024_Holiday,South,ProductC,Digital,2025-06-21 01:12:44.077069,49.8,33202,665,27.0,0.07488721804511278,1.8444444444444443,15.973160416810037,0.13855421686746988,2025-09-24 01:12:44.081543,marketing_automation_platform,77
116.0,7.7,23.1,11.0,Q2_2024_Summer,East,ProductA,Hybrid,2025-04-01 01:12:44.077069,146.8,124928,4114,579.0,0.035683033543996115,0.2535405872193437,16.98500835498237,0.07493188010899182,2025-09-24 01:12:44.081543,marketing_automation_platform,80
232.1,8.6,8.7,13.4,Q2_2024_Summer,North,ProductD,Hybrid,2025-07-15 01:12:44.077069,249.39999999999998,239091,5042,695.0,0.049464498214994046,0.35884892086330933,33.17528412061349,0.053728949478749004,2025-09-24 01:12:44.081543,marketing_automation_platform,200
43.1,26.7,35.1,10.1,Q4_2024_Holiday,West,ProductA,Traditional,2024-11-17 01:12:44.077069,104.9,64267,2778,280.0,0.03776097912167027,0.37464285714285717,23.527972006768167,0.09628217349857006,2025-09-24 01:12:44.081543,marketing_automation_platform,39
62.3,12.6,18.3,9.7,Q4_2024_Holiday,South,ProductC,Digital,2025-08-03 01:12:44.077069,93.19999999999999,72661,979,141.0,0.09519918283963226,0.6609929078014184,28.395052126870006,0.10407725321888413,2025-09-24 01:12:44.081543,marketing_automation_platform,25
224.0,2.4,15.6,11.6,Q2_2024_Summer,Central,ProductC,Digital,2025-04-25 01:12:44.077069,242.0,229650,9713,1444.0,0.02491506228765572,0.16759002770083103,19.93616428745868,0.04793388429752066,2025-09-24 01:12:44.081543,marketing_automation_platform,123
177.0,9.3,6.4,12.8,Q2_2024_Summer,North,ProductA,Hybrid,2024-11-14 01:12:44.077069,192.70000000000002,183851,7100,840.0,0.027140845070422536,0.22940476190476192,24.74276343418825,0.06642449403217436,2025-09-24 01:12:44.081543,marketing_automation_platform,198
70.6,16.0,40.8,10.5,Q3_2024_BackToSchool,North,ProductC,Digital,2024-11-11 01:12:44.077069,127.39999999999999,85624,3858,337.0,0.03302229134266459,0.37804154302670623,25.403870754133294,0.08241758241758242,2025-09-24 01:12:44.081543,marketing_automation_platform,30
147.3,23.9,19.1,14.6,Q2_2024_Summer,South,ProductD,Traditional,2025-09-02 01:12:44.077069,190.3,160959,7807,,0.024375560394517742,0.1904904904904905,26.298814067984242,0.0767209668943773,2025-09-24 01:12:44.081543,marketing_automation_platform,20
96.2,14.8,38.9,11.4,Q1_2024_Launch,North,ProductA,Hybrid,2025-05-03 01:12:44.077069,149.9,111917,3237,161.0,0.04630831016373185,0.9310559006211181,20.942390126232826,0.07605070046697798,2025-09-24 01:12:44.081543,marketing_automation_platform,145
76.3,27.5,16.0,12.0,Q4_2024_Holiday,North,ProductA,Hybrid,2025-06-30 01:12:44.077069,119.8,95022,1650,221.0,0.0726060606060606,0.5420814479638009,23.109381514955608,0.1001669449081803,2025-09-24 01:12:44.081543,marketing_automation_platform,87
78.2,46.8,34.5,14.6,Q4_2024_Holiday,South,ProductB,Traditional,2024-10-26 01:12:44.077069,159.5,106255,3016,431.0,0.052884615384615384,0.3700696055684455,30.58684910192401,0.09153605015673981,2025-09-24 01:12:44.081543,marketing_automation_platform,115
276.9,48.9,41.8,27.0,Q3_2024_BackToSchool,Central,ProductD,Traditional,2025-07-03 01:12:44.077069,367.59999999999997,308799,15320,2233.0,0.023994778067885116,0.16462158531124046,55.65901906916161,0.073449401523395,2025-09-24 01:12:44.081543,marketing_automation_platform,176
8.7,48.9,75.0,7.2,Q4_2024_Holiday,Central,ProductB,Digital,2025-03-31 01:12:44.077069,132.6,48402,1552,224.0,4.271907216494846,0.5919642857142857,10.998370478957833,0.05429864253393665,2025-09-24 01:12:44.081543,marketing_automation_platform,6
80.2,0.0,9.2,8.8,Q4_2024_Holiday,South,ProductA,Hybrid,2025-06-07 01:12:44.077069,89.4,81359,1095,76.0,0.08164383561643836,1.1763157894736842,17.942109872494445,0.09843400447427293,2025-09-24 01:12:44.081543,marketing_automation_platform,128
76.4,0.8,14.8,9.4,Q4_2024_Holiday,West,ProductB,Hybrid,2025-04-27 01:12:44.077069,92.0,78826,795,89.0,0.11572327044025157,1.0337078651685394,26.560306342216613,0.10217391304347827,2025-09-24 01:12:44.081543,marketing_automation_platform,118
129.4,5.7,31.3,11.0,Q4_2024_Holiday,Central,ProductB,Digital,2025-06-20 01:12:44.077069,166.4,138320,2842,377.0,0.0585503166783955,0.4413793103448276,28.63327992798492,0.06610576923076923,2025-09-24 01:12:44.081543,marketing_automation_platform,74
193.7,35.4,75.6,19.2,Q1_2024_Launch,East,ProductD,Traditional,2025-05-22 01:12:44.077069,304.7,226130,7582,445.0,0.04018728567660248,0.6847191011235955,35.45657027791622,0.06301279947489334,2025-09-24 01:12:44.081543,marketing_automation_platform,142
289.7,42.3,51.2,25.4,Q4_2024_Holiday,Central,ProductD,Hybrid,2025-09-02 01:12:44.077069,383.2,322304,4963,460.0,0.0772113640942978,0.8330434782608696,53.836487754077254,0.0662839248434238,2025-09-24 01:12:44.081543,marketing_automation_platform,99
222.4,3.4,13.1,11.5,Q3_2024_BackToSchool,South,ProductC,Traditional,2025-05-06 01:12:44.077069,238.9,226141,6439,892.0,0.037102034477403324,0.26782511210762333,34.131389707659146,0.04813729593972373,2025-09-24 01:12:44.081543,marketing_automation_platform,175
197.6,3.5,5.9,11.7,Q4_2024_Holiday,Central,ProductD,Digital,2025-08-16 01:12:44.077069,207.0,198240,5127,,0.0403744880046811,1.3101265822784811,24.0934935826658,0.05652173913043478,2025-09-24 01:12:44.081543,marketing_automation_platform,97
164.5,20.9,47.4,14.5,Q3_2024_BackToSchool,East,ProductD,Digital,2025-09-06 01:12:44.077069,232.8,182800,4948,110.0,0.047049312853678256,2.1163636363636367,42.702793613843674,0.06228522336769759,2025-09-24 01:12:44.081543,marketing_automation_platform,172
184.9,21.0,22.0,15.5,Q2_2024_Summer,North,ProductB,Hybrid,2024-10-02 01:12:44.077069,227.9,201232,9692,605.0,0.02351423854725547,0.37669421487603305,35.16830352103497,0.06801228609039052,2025-09-24 01:12:44.081543,marketing_automation_platform,98
112.9,17.4,38.6,11.9,Q4_2024_Holiday,Central,ProductA,Hybrid,2025-03-12 01:12:44.077069,168.9,130159,4966,438.0,0.03401127668143375,0.3856164383561644,34.54335240309536,0.0704558910597987,2025-09-24 01:12:44.081543,marketing_automation_platform,32
23.8,35.1,65.9,9.2,Q2_2024_Summer,Central,ProductC,Digital,2025-01-01 01:12:44.077069,124.80000000000001,54823,2494,342.0,0.0500400962309543,0.3649122807017544,21.17254244247494,0.0737179487179487,2025-09-24 01:12:44.081543,marketing_automation_platform,13
290.7,4.1,8.5,12.8,Q2_2024_Summer,South,ProductA,Traditional,2025-03-17 01:12:44.077069,303.3,294255,12654,1892.0,0.023968705547652916,0.16030655391120507,30.955353328918235,0.04220243982855259,2025-09-24 01:12:44.081543,marketing_automation_platform,36
19.4,16.0,22.3,6.6,Q1_2024_Launch,Central,ProductD,Traditional,2024-12-31 01:12:44.077069,57.7,32042,327,,0.1764525993883792,6.411111111111111,13.1758046935928,0.1143847487001733,2025-09-24 01:12:44.081543,marketing_automation_platform,120
293.6,27.7,1.8,20.7,Q3_2024_BackToSchool,Central,ProductD,Digital,2025-07-27 01:12:44.077069,323.1,308376,13705,1806.0,0.023575337468077346,0.17890365448504986,32.31541499417128,0.06406685236768801,2025-09-24 01:12:44.081543,marketing_automation_platform,43
75.5,10.8,6.0,9.9,Q4_2024_Holiday,East,ProductB,Hybrid,2025-03-02 01:12:44.077069,92.3,78531,2426,195.0,0.03804616652926628,0.47333333333333333,23.833565751954534,0.10725893824485375,2025-09-24 01:12:44.081543,marketing_automation_platform,192
134.3,4.9,9.3,11.2,Q1_2024_Launch,South,ProductA,Traditional,2024-11-03 01:12:44.077069,148.50000000000003,136283,5926,818.0,0.025059061761727983,0.18154034229828855,30.844767471524314,0.0754208754208754,2025-09-24 01:12:44.081543,marketing_automation_platform,91
273.7,28.9,59.7,20.8,Q2_2024_Summer,East,ProductB,Traditional,2025-03-21 01:12:44.077069,362.29999999999995,301391,11370,378.0,0.03186455584872471,0.9584656084656084,48.04506219246903,0.057410985371239315,2025-09-24 01:12:44.081543,marketing_automation_platform,138
100.4,9.6,3.6,10.7,Q4_2024_Holiday,North,ProductC,Traditional,2025-05-23 01:12:44.077069,113.6,106185,3120,440.0,0.03641025641025641,0.2581818181818182,23.596430612781475,0.09419014084507042,2025-09-24 01:12:44.081543,marketing_automation_platform,52
220.3,49.0,3.2,24.7,Q2_2024_Summer,East,ProductD,Digital,2024-09-28 01:12:44.077069,272.5,243760,11780,336.0,0.023132427843803056,0.8110119047619048,51.105235756625795,0.09064220183486238,2025-09-24 01:12:44.081543,marketing_automation_platform,129
163.5,36.8,7.4,18.0,Q2_2024_Summer,East,ProductB,Digital,2025-07-04 01:12:44.077069,207.70000000000002,183657,5076,412.0,0.04091804570527975,0.5041262135922331,30.875643775063608,0.08666345690900336,2025-09-24 01:12:44.081543,marketing_automation_platform,164
177.0,33.4,38.7,17.1,Q2_2024_Summer,West,ProductC,Digital,2025-02-01 01:12:44.077069,249.10000000000002,201365,4935,672.0,0.05047619047619048,0.3706845238095238,37.98518327666646,0.06864712966680048,2025-09-24 01:12:44.081543,marketing_automation_platform,42
125.7,36.9,79.2,15.9,Q3_2024_BackToSchool,North,ProductD,Hybrid,2025-07-13 01:12:44.077069,241.8,163164,7947,648.0,0.030426576066440166,0.3731481481481482,34.39228131472115,0.06575682382133995,2025-09-24 01:12:44.081543,marketing_automation_platform,119
209.6,20.6,10.7,15.9,Q2_2024_Summer,West,ProductA,Traditional,2025-06-18 01:12:44.077069,240.89999999999998,222300,7542,906.0,0.03194112967382657,0.2658940397350993,38.12932842538756,0.06600249066002492,2025-09-24 01:12:44.081543,marketing_automation_platform,114
142.9,29.3,12.6,15.0,Q4_2024_Holiday,South,ProductD,Hybrid,2025-06-03 01:12:44.077069,184.8,161549,6370,790.0,0.029010989010989013,0.2339240506329114,42.66497931041336,0.08116883116883117,2025-09-24 01:12:44.081543,marketing_automation_platform,27
188.4,18.1,25.6,14.9,Q3_2024_BackToSchool,South,ProductA,Hybrid,2025-02-04 01:12:44.077069,232.1,201375,6285,585.0,0.036929196499602225,0.3967521367521367,25.31617251286085,0.06419646704006894,2025-09-24 01:12:44.081543,marketing_automation_platform,163
222.4,4.3,49.8,11.7,Q1_2024_Launch,Central,ProductC,Hybrid,2025-02-06 01:12:44.077069,276.5,233628,4858,335.0,0.0569164265129683,0.8253731343283582,25.222252573735307,0.04231464737793852,2025-09-24 01:12:44.081543,marketing_automation_platform,101
241.7,38.0,23.2,21.8,Q4_2024_Holiday,West,ProductC,Traditional,2025-04-12 01:12:44.077069,302.9,267180,7083,867.0,0.04276436538190032,0.3493656286043829,32.995294215036296,0.0719709475074282,2025-09-24 01:12:44.081543,marketing_automation_platform,112
17.2,45.9,69.3,9.3,Q1_2024_Launch,West,ProductB,Hybrid,2025-06-21 01:12:44.077069,132.39999999999998,54778,2387,81.0,0.05546711353162965,1.6345679012345675,15.985612932790279,0.07024169184290031,2025-09-24 01:12:44.081543,marketing_automation_platform,3
120.5,28.5,14.2,14.2,Q1_2024_Launch,East,ProductB,Digital,2025-04-26 01:12:44.077069,163.2,138227,4882,309.0,0.0334289225727161,0.5281553398058252,32.248111984325845,0.08700980392156862,2025-09-24 01:12:44.081543,marketing_automation_platform,78
89.7,9.9,35.7,10.6,Q1_2024_Launch,East,ProductA,Hybrid,2025-03-09 01:12:44.077069,135.3,101359,1476,120.0,0.09166666666666667,1.1275000000000002,25.333130508131838,0.07834441980783444,2025-09-24 01:12:44.081543,marketing_automation_platform,47
18.7,12.1,23.4,6.7,Q4_2024_Holiday,East,ProductB,Traditional,2025-02-22 01:12:44.077069,54.199999999999996,31379,428,,0.12663551401869158,0.8603174603174603,13.553165355781804,0.12361623616236164,2025-09-24 01:12:44.081543,marketing_automation_platform,190
166.8,42.0,3.6,19.6,Q4_2024_Holiday,South,ProductB,Digital,2025-05-14 01:12:44.077069,212.4,188758,1912,136.0,0.11108786610878661,1.561764705882353,54.873296825312785,0.09227871939736347,2025-09-24 01:12:44.081543,marketing_automation_platform,194
193.2,18.4,65.7,15.2,Q3_2024_BackToSchool,Central,ProductD,Traditional,2024-11-15 01:12:44.077069,277.3,216364,10460,842.0,0.026510516252390058,0.3293349168646081,45.42063961256733,0.05481428056256761,2025-09-24 01:12:44.081543,marketing_automation_platform,86
48.3,47.0,8.5,11.6,Q2_2024_Summer,North,ProductD,Digital,2025-09-04 01:12:44.077069,103.8,73704,3400,275.0,0.03052941176470588,0.37745454545454543,32.43736149153054,0.11175337186897881,2025-09-24 01:12:44.081543,marketing_automation_platform,136
266.9,43.8,5.0,25.4,Q4_2024_Holiday,North,ProductD,Hybrid,2024-11-13 01:12:44.077069,315.7,289593,7101,970.0,0.04445852696803267,0.3254639175257732,,0.08045612923661705,2025-09-24 01:12:44.081543,marketing_automation_platform,37
17.2,4.1,31.6,5.9,Q1_2024_Launch,West,ProductD,Digital,2024-12-28 01:12:44.077069,52.9,25213,990,107.0,0.05343434343434343,0.49439252336448597,11.66528724952036,0.111531190926276,2025-09-24 01:12:44.081543,marketing_automation_platform,193
261.3,42.7,54.7,24.2,Q3_2024_BackToSchool,Central,ProductD,Digital,2024-11-12 01:12:44.077069,358.7,295573,11127,1516.0,0.032236901231239325,0.23660949868073877,54.20594953825193,0.06746584889880122,2025-09-24 01:12:44.081543,marketing_automation_platform,62
13.2,15.9,49.6,5.6,Q4_2024_Holiday,South,ProductD,Traditional,2025-06-27 01:12:44.077069,78.7,33643,883,61.0,0.08912797281993205,1.2901639344262295,8.745941360345881,0.07115628970775095,2025-09-24 01:12:44.081543,marketing_automation_platform,23
8.4,27.2,2.1,5.7,Q1_2024_Launch,Central,ProductD,Digital,2025-07-03 01:12:44.077069,37.7,23287,907,47.0,0.04156560088202867,0.8021276595744682,15.234307320175,0.15119363395225463,2025-09-24 01:12:44.081543,marketing_automation_platform,133
296.4,36.3,100.9,23.8,Q4_2024_Holiday,East,ProductA,Digital,2024-11-25 01:12:44.077069,433.6,335242,10591,224.0,0.04094042111226513,1.9357142857142857,39.17694411416181,0.05488929889298893,2025-09-24 01:12:44.081543,marketing_automation_platform,102
265.6,20.0,0.3,17.4,Q1_2024_Launch,South,ProductC,Hybrid,2025-06-21 01:12:44.077069,285.90000000000003,274022,9588,833.0,0.02981852315394243,0.34321728691476594,42.42045163158404,0.06086044071353619,2025-09-24 01:12:44.081543,marketing_automation_platform,34
214.7,24.0,4.0,17.4,Q4_2024_Holiday,West,ProductC,Hybrid,2024-12-20 01:12:44.077069,242.7,225840,7402,726.0,0.03278843555795731,0.33429752066115703,27.99006470301951,0.07169344870210136,2025-09-24 01:12:44.081543,marketing_automation_platform,12
94.2,4.9,8.1,9.7,Q4_2024_Holiday,West,ProductA,Digital,2025-08-07 01:12:44.077069,107.2,97441,4298,453.0,0.024941833410888785,0.23664459161147902,15.866508666426588,0.09048507462686567,2025-09-24 01:12:44.081543,marketing_automation_platform,197
248.4,30.2,20.3,20.2,Q2_2024_Summer,South,ProductB,Traditional,2025-01-22 01:12:44.077069,298.90000000000003,266689,2669,117.0,0.11198950917946798,2.554700854700855,30.830734523120487,0.06758113081298092,2025-09-24 01:12:44.081543,marketing_automation_platform,177
57.5,32.8,23.5,11.8,Q1_2024_Launch,North,ProductD,Digital,2024-10-14 01:12:44.077069,113.8,79000,1592,196.0,0.07148241206030151,0.5806122448979592,26.23770795346317,0.10369068541300529,2025-09-24 01:12:44.081543,marketing_automation_platform,7
240.1,16.7,22.9,15.9,Q3_2024_BackToSchool,North,ProductC,Digital,2025-05-17 01:12:44.077069,279.7,255016,11201,1141.0,0.024970984733505935,0.24513584574934266,38.03542280143992,0.056846621380050054,2025-09-24 01:12:44.081543,marketing_automation_platform,28
141.3,26.8,46.2,15.5,Q4_2024_Holiday,South,ProductD,Digital,2025-03-14 01:12:44.077069,214.3,161367,2279,67.0,0.09403247038174639,3.1985074626865675,33.68407859158012,0.07232851143257116,2025-09-24 01:12:44.081543,marketing_automation_platform,121
180.8,10.8,58.4,12.9,Q1_2024_Launch,Central,ProductA,Digital,2024-12-04 01:12:44.077069,250.00000000000003,199660,5254,190.0,0.04758279406166731,1.3157894736842106,30.397002110684582,0.05159999999999999,2025-09-24 01:12:44.081543,marketing_automation_platform,5
97.2,1.5,30.0,9.6,Q3_2024_BackToSchool,South,ProductA,Digital,2025-03-30 01:12:44.077069,128.7,103938,4825,259.0,0.026673575129533677,0.49691119691119684,28.041846661886957,0.07459207459207459,2025-09-24 01:12:44.081543,marketing_automation_platform,33
104.6,5.7,34.4,10.4,Q4_2024_Holiday,North,ProductD,Hybrid,2024-12-28 01:12:44.077069,144.7,113230,3649,439.0,0.03965469991778569,0.32961275626423686,25.58404628265585,0.07187284035936421,2025-09-24 01:12:44.081543,marketing_automation_platform,144
240.1,7.3,8.7,13.2,Q1_2024_Launch,East,ProductC,Hybrid,2025-05-18 01:12:44.077069,256.1,246887,3659,486.0,0.06999180103853513,0.5269547325102881,21.55340056762018,0.05154236626317844,2025-09-24 01:12:44.081543,marketing_automation_platform,147
255.4,26.9,5.5,19.8,Q4_2024_Holiday,Central,ProductC,Traditional,2024-10-21 01:12:44.077069,287.8,269524,6408,277.0,0.04491260923845194,1.0389891696750904,41.5516646002722,0.06879777623349548,2025-09-24 01:12:44.081543,marketing_automation_platform,110
140.3,1.9,9.0,10.3,Q4_2024_Holiday,Central,ProductA,Hybrid,2025-05-12 01:12:44.077069,151.20000000000002,141691,3190,118.0,0.04739811912225706,1.28135593220339,18.231161258953577,0.06812169312169312,2025-09-24 01:12:44.081543,marketing_automation_platform,146
66.1,5.8,24.2,8.6,Q2_2024_Summer,North,ProductA,Traditional,2025-08-20 01:12:44.077069,96.1,72670,1712,231.0,0.05613317757009346,0.416017316017316,25.041963804597785,0.08949011446409989,2025-09-24 01:12:44.081543,marketing_automation_platform,11
239.3,15.5,27.3,15.7,Q3_2024_BackToSchool,North,ProductA,Digital,2025-09-18 01:12:44.077069,282.1,253136,9448,1406.0,0.029858171041490265,0.20064011379800856,25.469948828959648,0.055654023395958874,2025-09-24 01:12:44.081543,marketing_automation_platform,63
175.7,15.4,2.4,14.1,Q4_2024_Holiday,Central,ProductA,Traditional,2025-08-17 01:12:44.077069,193.5,183473,7008,298.0,0.027611301369863013,0.6493288590604027,33.5949271951538,0.07286821705426356,2025-09-24 01:12:44.081543,marketing_automation_platform,113
243.2,49.0,44.3,25.4,Q2_2024_Summer,East,ProductA,Digital,2025-02-13 01:12:44.077069,336.5,275869,10825,,0.031085450346420324,0.21405852417302798,42.03607126642499,0.07548291233283803,2025-09-24 01:12:44.081543,marketing_automation_platform,148
206.8,5.2,19.4,12.2,Q2_2024_Summer,South,ProductA,Digital,2025-08-29 01:12:44.077069,231.4,212624,6705,213.0,0.03451155853840418,1.0863849765258216,21.746788232910507,0.052722558340535866,2025-09-24 01:12:44.081543,marketing_automation_platform,168
230.1,37.8,69.2,22.1,Q2_2024_Summer,Central,ProductC,Hybrid,2025-01-04 01:12:44.077069,337.09999999999997,263639,11080,1532.0,0.030424187725631765,0.22003916449086158,57.16005796439055,0.06555918125185406,2025-09-24 01:12:44.081543,marketing_automation_platform,1
218.5,5.4,27.4,12.2,Q3_2024_BackToSchool,North,ProductD,Hybrid,2025-04-09 01:12:44.077069,251.3,224555,2330,121.0,0.10785407725321888,2.0768595041322313,20.369909689101284,0.0485475527258257,2025-09-24 01:12:44.081543,marketing_automation_platform,182
187.8,21.1,9.5,15.6,Q3_2024_BackToSchool,East,ProductD,Hybrid,2025-03-29 01:12:44.077069,218.4,200184,5646,437.0,0.03868225292242296,0.4997711670480549,30.961257375444518,0.07142857142857142,2025-09-24 01:12:44.081543,marketing_automation_platform,155
199.1,30.6,38.7,18.3,Q4_2024_Holiday,West,ProductB,Traditional,2024-11-06 01:12:44.077069,268.4,222823,8647,1144.0,0.03103966693650977,0.2346153846153846,,0.06818181818181819,2025-09-24 01:12:44.081543,marketing_automation_platform,71
229.5,32.3,74.2,19.7,Q4_2024_Holiday,South,ProductC,Traditional,2025-05-08 01:12:44.077069,336.0,261208,10866,847.0,0.030922142462727776,0.39669421487603307,46.92198316631193,0.05863095238095238,2025-09-24 01:12:44.081543,marketing_automation_platform,125
131.1,42.8,28.9,18.0,Q4_2024_Holiday,West,ProductB,Traditional,2024-11-16 01:12:44.077069,202.79999999999998,160669,5010,675.0,0.04047904191616766,0.3004444444444444,32.95515037290273,0.08875739644970415,2025-09-24 01:12:44.081543,marketing_automation_platform,65
25.1,25.7,43.3,8.5,Q4_2024_Holiday,North,ProductC,Traditional,2024-10-14 01:12:44.077069,94.1,44863,2197,155.0,0.04283113336367774,0.6070967741935483,18.342242010241616,0.09032943676939427,2025-09-24 01:12:44.081543,marketing_automation_platform,45
220.5,33.2,37.9,20.1,Q1_2024_Launch,West,ProductA,Hybrid,2024-11-14 01:12:44.077069,291.59999999999997,243445,12165,1571.0,1.1985203452527742,0.18561425843411838,31.70865964283204,0.0689300411522634,2025-09-24 01:12:44.081543,marketing_automation_platform,143
248.8,27.1,22.9,18.9,Q4_2024_Holiday,North,ProductB,Traditional,2025-09-03 01:12:44.077069,298.8,265406,3957,190.0,0.0755117513267627,1.5726315789473684,45.83073989580114,0.06325301204819277,2025-09-24 01:12:44.081543,marketing_automation_platform,29
202.5,22.3,31.6,16.6,Q2_2024_Summer,North,ProductA,Hybrid,2025-08-09 01:12:44.077069,256.40000000000003,221765,9082,222.0,0.028231667033693023,1.1549549549549551,44.41743058012966,0.06474258970358814,2025-09-24 01:12:44.081543,marketing_automation_platform,41
13.1,0.4,25.6,5.3,Q4_2024_Holiday,West,ProductC,Traditional,2024-11-03 01:12:44.077069,39.1,18067,523,37.0,0.07476099426386233,1.0567567567567568,10.431577050736754,0.13554987212276215,2025-09-24 01:12:44.081543,marketing_automation_platform,109
93.9,43.5,50.5,15.3,Q1_2024_Launch,Central,ProductC,Hybrid,2024-12-18 01:12:44.077069,187.9,126590,4529,279.0,0.04148818723780084,0.6734767025089606,36.26357567151099,0.0814262905800958,2025-09-24 01:12:44.081543,marketing_automation_platform,157
123.1,34.6,12.4,15.2,Q4_2024_Holiday,West,ProductA,Hybrid,2024-10-28 01:12:44.077069,170.1,144879,7024,757.0,0.024216970387243734,0.22470277410832232,33.047091442873224,0.08935920047031158,2025-09-24 01:12:44.081543,marketing_automation_platform,124
156.6,2.6,8.3,10.5,Q4_2024_Holiday,West,ProductB,Digital,2025-09-17 01:12:44.077069,167.5,159111,2036,201.0,0.08226915520628683,0.8333333333333334,27.854179991249715,0.0626865671641791,2025-09-24 01:12:44.081543,marketing_automation_platform,181
262.9,3.5,19.5,12.0,Q2_2024_Summer,South,ProductD,Digital,2024-10-15 01:12:44.077069,285.9,270196,9545,1216.0,0.029952854897852276,0.23511513157894734,20.235959401105067,0.04197271773347325,2025-09-24 01:12:44.081543,marketing_automation_platform,26
228.3,16.9,26.2,15.5,Q2_2024_Summer,East,ProductB,Hybrid,2025-03-03 01:12:44.077069,271.40000000000003,241365,5541,137.0,0.04898032846056669,1.9810218978102192,38.836461906740084,0.05711127487103905,2025-09-24 01:12:44.081543,marketing_automation_platform,24
197.6,23.3,14.2,16.6,Q4_2024_Holiday,North,ProductD,Traditional,2025-03-02 01:12:44.077069,235.1,213141,8483,1233.0,0.02771425203347872,0.19067315490673153,41.980596625976304,0.0706082518077414,2025-09-24 01:12:44.081543,marketing_automation_platform,153
38.0,40.3,11.9,10.9,Q1_2024_Launch,Central,ProductD,Hybrid,2025-03-13 01:12:44.077069,90.2,61146,1082,26.0,0.0833641404805915,3.4692307692307693,25.909365952236325,0.12084257206208426,2025-09-24 01:12:44.081543,marketing_automation_platform,149
239.8,4.1,36.9,12.3,Q3_2024_BackToSchool,South,ProductA,Traditional,2025-04-24 01:12:44.077069,280.8,247938,6489,719.0,0.04327323162274619,0.3905424200278164,29.63418176520362,0.04380341880341881,2025-09-24 01:12:44.081543,marketing_automation_platform,82
228.0,37.7,32.0,21.5,Q2_2024_Summer,South,ProductD,Hybrid,2025-05-25 01:12:44.077069,297.7,253395,6032,707.0,0.04935344827586207,0.42107496463932104,51.51859656987975,0.07222035606315083,2025-09-24 01:12:44.081543,marketing_automation_platform,40
50.0,11.6,18.4,8.4,Q1_2024_Launch,South,ProductC,Traditional,2025-01-29 01:12:44.077069,80.0,61756,1902,169.0,0.04206098843322818,0.47337278106508873,15.555472296018841,0.10500000000000001,2025-09-24 01:12:44.081543,marketing_automation_platform,171
239.9,41.5,18.5,23.2,Q1_2024_Launch,West,ProductB,Hybrid,2025-06-24 01:12:44.077069,299.9,264844,8642,222.0,0.03470261513538533,1.3509009009009008,57.43023766839619,0.07735911970656886,2025-09-24 01:12:44.081543,marketing_automation_platform,48
107.4,14.0,10.9,11.5,Q2_2024_Summer,North,ProductA,Hybrid,2024-11-27 01:12:44.077069,132.3,117266,4035,216.0,0.03278810408921933,0.6125,27.63200536816965,0.08692365835222977,2025-09-24 01:12:44.081543,marketing_automation_platform,95
4.1,11.6,5.7,3.2,Q3_2024_BackToSchool,West,ProductC,Hybrid,2025-05-24 01:12:44.077069,21.4,11847,366,22.0,0.058469945355191254,0.9727272727272727,9.470869190737664,0.14953271028037385,2025-09-24 01:12:44.081543,marketing_automation_platform,156
206.9,8.4,26.4,12.9,Q3_2024_BackToSchool,West,ProductA,Digital,2025-02-05 01:12:44.077069,241.70000000000002,217211,4079,324.0,0.059254719293944595,0.7459876543209877,22.523389957146772,0.05337194869673148,2025-09-24 01:12:44.081543,marketing_automation_platform,44
184.9,43.9,1.7,20.7,Q3_2024_BackToSchool,West,ProductB,Traditional,2025-09-10 01:12:44.077069,230.5,206694,7605,673.0,0.030309007232084156,0.3424962852897474,61.68681704008987,0.08980477223427331,2025-09-24 01:12:44.081543,marketing_automation_platform,140
151.5,41.3,58.5,18.5,Q1_2024_Launch,North,ProductA,Digital,2025-01-08 01:12:44.077069,251.3,183069,8179,579.0,0.030725027509475488,0.4340241796200346,30.602489224671473,0.07361719060883407,2025-09-24 01:12:44.081543,marketing_automation_platform,4
137.9,46.4,59.0,19.2,Q1_2024_Launch,Central,ProductC,Hybrid,2025-07-09 01:12:44.077069,243.3,174483,8411,188.0,0.02892640589703959,1.2941489361702128,47.883492835439625,0.07891491985203451,2025-09-24 01:12:44.081543,marketing_automation_platform,106
182.6,46.2,58.7,21.2,Q3_2024_BackToSchool,Central,ProductA,Digital,2025-09-04 01:12:44.077069,287.5,217578,8630,488.0,0.033314020857473925,0.5891393442622951,59.52428237134526,0.07373913043478261,2025-09-24 01:12:44.081543,marketing_automation_platform,54
219.8,33.5,45.1,19.6,Q2_2024_Summer,West,ProductA,Traditional,2025-04-18 01:12:44.077069,298.40000000000003,244633,8681,174.0,0.034373920055293175,1.7149425287356324,50.13833646689879,0.06568364611260054,2025-09-24 01:12:44.081543,marketing_automation_platform,134
56.2,5.7,29.7,8.7,Q4_2024_Holiday,Central,ProductD,Digital,2025-02-07 01:12:44.077069,91.60000000000001,63556,769,71.0,0.11911573472041613,1.2901408450704226,23.431410350638057,0.09497816593886461,2025-09-24 01:12:44.081543,marketing_automation_platform,183
11.7,36.9,45.2,7.3,Q1_2024_Launch,West,ProductA,Traditional,2024-11-28 01:12:44.077069,93.8,38746,952,,0.09852941176470588,0.8450450450450451,16.662944010666536,0.07782515991471216,2025-09-24 01:12:44.081543,marketing_automation_platform,159
191.1,28.7,18.2,17.3,Q4_2024_Holiday,Central,ProductD,Traditional,2025-05-15 01:12:44.077069,237.99999999999997,208089,4342,420.0,0.054813450023030855,0.5666666666666667,43.25791086591404,0.0726890756302521,2025-09-24 01:12:44.081543,marketing_automation_platform,188
66.9,11.7,36.8,9.7,Q3_2024_BackToSchool,South,ProductC,Digital,2025-08-05 01:12:44.077069,115.4,79295,2287,56.0,0.05045911674682991,2.060714285714286,23.50904641925963,0.08405545927209704,2025-09-24 01:12:44.081543,marketing_automation_platform,50
76.4,26.7,22.3,11.8,Q3_2024_BackToSchool,West,ProductA,Hybrid,2025-07-16 01:12:44.077069,125.4,94863,4128,139.0,0.03037790697674419,0.902158273381295,24.70061850632757,0.09409888357256778,2025-09-24 01:12:44.081543,marketing_automation_platform,81
95.7,1.4,7.4,9.5,Q3_2024_BackToSchool,East,ProductD,Digital,2025-04-01 01:12:44.077069,104.50000000000001,98376,2305,193.0,0.04533622559652929,0.5414507772020726,25.41377384466801,0.0909090909090909,2025-09-24 01:12:44.081543,marketing_automation_platform,35
120.2,19.6,11.6,13.2,Q3_2024_BackToSchool,Central,ProductD,Digital,2025-01-04 01:12:44.077069,151.4,131535,2347,125.0,0.06450788240306775,1.2112,23.964921682393598,0.08718626155878467,2025-09-24 01:12:44.081543,marketing_automation_platform,8
225.8,8.2,56.5,13.4,Q3_2024_BackToSchool,North,ProductB,Traditional,2025-02-05 01:12:44.077069,290.5,241148,5802,684.0,0.05006894174422613,0.4247076023391813,37.34552370384639,0.04612736660929432,2025-09-24 01:12:44.081543,marketing_automation_platform,111
28.6,1.5,33.0,7.3,Q4_2024_Holiday,South,ProductC,Digital,2025-02-27 01:12:44.077069,63.1,37460,1029,,0.06132167152575316,3.1550000000000002,13.531923428853348,0.11568938193343899,2025-09-24 01:12:44.081543,marketing_automation_platform,92
68.4,44.5,35.6,13.6,Q2_2024_Summer,Central,ProductC,Traditional,2025-05-18 01:12:44.077069,148.5,98378,2644,355.0,0.056164901664145235,0.4183098591549296,36.57630432995488,0.09158249158249158,2025-09-24 01:12:44.081543,marketing_automation_platform,84
276.7,2.3,23.7,11.8,Q2_2024_Summer,East,ProductD,Traditional,2025-05-14 01:12:44.077069,302.7,283939,7200,145.0,0.042041666666666665,2.087586206896552,32.40652628674819,0.03898249091509746,2025-09-24 01:12:44.081543,marketing_automation_platform,179
287.6,43.0,71.8,26.2,Q1_2024_Launch,Central,ProductD,Traditional,2025-08-07 01:12:44.077069,402.40000000000003,324925,4400,217.0,0.09145454545454547,1.854377880184332,75.4040374218447,0.06510934393638171,2025-09-24 01:12:44.081543,marketing_automation_platform,184
109.8,47.8,51.4,16.7,Q4_2024_Holiday,North,ProductD,Digital,2025-03-30 01:12:44.077069,209.0,144785,1843,91.0,0.1134020618556701,2.2967032967032965,36.718610815857225,0.07990430622009569,2025-09-24 01:12:44.081543,marketing_automation_platform,90
8.6,2.1,1.0,4.8,Q1_2024_Launch,East,ProductA,Digital,2025-01-23 01:12:44.077069,11.7,10321,311,30.0,0.037620578778135044,0.38999999999999996,9.691319287042845,0.41025641025641024,2025-09-24 01:12:44.081543,marketing_automation_platform,9
97.5,7.6,7.2,9.7,Q3_2024_BackToSchool,Central,ProductA,Traditional,2025-09-18 01:12:44.077069,112.3,102251,3299,490.0,0.03404061836920279,0.22918367346938776,27.39086221867518,0.08637577916295636,2025-09-24 01:12:44.081543,marketing_automation_platform,14
210.7,29.5,9.3,18.4,Q2_2024_Summer,East,ProductB,Hybrid,2025-04-17 01:12:44.077069,249.5,225171,3443,499.0,0.07246587278536161,0.5,36.771883659801006,0.07374749498997996,2025-09-24 01:12:44.081543,marketing_automation_platform,60
168.4,7.1,12.8,11.7,Q4_2024_Holiday,West,ProductA,Digital,2025-04-01 01:12:44.077069,188.3,175639,4689,273.0,0.04015781616549371,0.6897435897435897,29.161647749013625,0.06213489113117365,2025-09-24 01:12:44.081543,marketing_automation_platform,174
265.2,2.9,43.0,12.7,Q1_2024_Launch,Central,ProductC,Traditional,2025-09-17 01:12:44.077069,311.09999999999997,275462,11118,1405.0,0.027981651376146787,0.22142348754448396,29.2134021769592,0.04082288653166185,2025-09-24 01:12:44.081543,marketing_automation_platform,132
281.4,39.6,55.8,24.4,Q1_2024_Launch,North,ProductA,Hybrid,2025-07-29 01:12:44.077069,376.8,312566,10667,1375.0,0.03532389612824599,0.27403636363636363,48.38866610122767,0.06475583864118896,2025-09-24 01:12:44.081543,marketing_automation_platform,18
26.8,33.0,19.3,8.8,Q2_2024_Summer,West,ProductD,Hybrid,2025-04-13 01:12:44.077069,79.1,47828,746,65.0,0.10603217158176943,1.2169230769230768,21.49969560031848,0.11125158027812897,2025-09-24 01:12:44.081543,marketing_automation_platform,73
170.2,7.8,35.2,11.7,Q1_2024_Launch,Central,ProductD,Digital,2025-01-17 01:12:44.077069,213.2,179528,3127,250.0,0.06818036456667732,0.8528,21.83478494691267,0.054878048780487805,2025-09-24 01:12:44.081543,marketing_automation_platform,178
36.9,38.6,65.6,10.8,Q4_2024_Holiday,South,ProductA,Digital,2024-10-08 01:12:44.077069,141.1,68444,3369,136.0,2.0940932027307806,1.0374999999999999,23.431172073503888,0.07654145995747698,2025-09-24 01:12:44.081543,marketing_automation_platform,135
215.4,23.6,57.6,17.1,Q2_2024_Summer,South,ProductB,Traditional,2025-07-06 01:12:44.077069,296.6,239165,8721,348.0,0.0340098612544433,0.8522988505747127,,0.0576534052596089,2025-09-24 01:12:44.081543,marketing_automation_platform,169
205.0,45.1,19.6,22.6,Q4_2024_Holiday,West,ProductD,Hybrid,2025-05-06 01:12:44.077069,269.7,232636,6790,710.0,0.03972017673048601,0.37985915492957745,65.7956745798604,0.08379681127178347,2025-09-24 01:12:44.081543,marketing_automation_platform,186
102.7,29.6,8.4,14.0,Q4_2024_Holiday,Central,ProductB,Traditional,2024-09-25 01:12:44.077069,140.70000000000002,118167,5069,141.0,0.0277569540343263,0.9978723404255321,29.468488583600468,0.09950248756218905,2025-09-24 01:12:44.081543,marketing_automation_platform,64
262.7,28.8,15.9,20.2,Q4_2024_Holiday,South,ProductC,Hybrid,2024-11-15 01:12:44.077069,307.4,281044,10666,563.0,0.028820551284455275,0.5460035523978686,43.43975661887858,0.0657124268054652,2025-09-24 01:12:44.081543,marketing_automation_platform,55
90.4,0.3,23.2,8.7,Q3_2024_BackToSchool,Central,ProductB,Hybrid,2025-05-12 01:12:44.077069,113.9,95910,3350,432.0,0.034,0.2636574074074074,21.560208354172214,0.07638279192273924,2025-09-24 01:12:44.081543,marketing_automation_platform,108
199.8,3.1,34.6,11.4,Q2_2024_Summer,East,ProductB,Hybrid,2024-10-07 01:12:44.077069,237.5,210116,3631,227.0,0.06540897824290828,1.0462555066079295,22.726198186630725,0.048,2025-09-24 01:12:44.081543,marketing_automation_platform,51
283.6,42.0,66.2,25.5,Q1_2024_Launch,Central,ProductD,Digital,2025-06-18 01:12:44.077069,391.8,317903,10670,1534.0,0.03671977507029053,0.25541069100391134,42.42344341503993,0.06508422664624808,2025-09-24 01:12:44.081543,marketing_automation_platform,199
284.3,10.6,6.4,15.0,Q2_2024_Summer,South,ProductB,Digital,2025-08-20 01:12:44.077069,301.3,290894,11494,907.0,0.02621367670088742,0.33219404630650495,26.013686507823913,0.04978426817125788,2025-09-24 01:12:44.081543,marketing_automation_platform,170
210.8,49.6,37.7,23.8,Q3_2024_BackToSchool,South,ProductC,Digital,2024-10-28 01:12:44.077069,298.1,242392,6512,581.0,0.04577702702702703,0.5130808950086059,59.02148978677269,0.0798389802079839,2025-09-24 01:12:44.081543,marketing_automation_platform,59
227.2,15.8,49.9,14.8,Q4_2024_Holiday,South,ProductB,Digital,2024-12-21 01:12:44.077069,292.9,245720,12142,1587.0,0.024122879262065557,0.1845620667926906,32.83999221439358,0.050529190850119504,2025-09-24 01:12:44.081543,marketing_automation_platform,49
88.3,25.5,73.4,12.9,Q2_2024_Summer,Central,ProductB,Traditional,2025-06-02 01:12:44.077069,187.2,115980,4736,599.0,0.039527027027027026,0.31252086811352253,26.77744238864186,0.06891025641025642,2025-09-24 01:12:44.081543,marketing_automation_platform,89
237.4,5.1,23.5,12.5,Q1_2024_Launch,South,ProductC,Traditional,2025-04-03 01:12:44.077069,266.0,243342,3806,99.0,0.06988964792433,2.686868686868687,34.152013650185,0.046992481203007516,2025-09-24 01:12:44.081543,marketing_automation_platform,22
136.2,19.2,16.6,13.2,Q4_2024_Holiday,West,ProductC,Hybrid,2025-06-14 01:12:44.077069,171.99999999999997,147435,5278,,0.03258810155361879,1.237410071942446,20.21305055797245,0.07674418604651163,2025-09-24 01:12:44.081543,marketing_automation_platform,58
172.5,18.1,30.7,14.4,Q4_2024_Holiday,Central,ProductC,Traditional,2024-11-07 01:12:44.077069,221.29999999999998,187499,5482,728.0,0.040368478657424295,0.30398351648351646,33.096491758648064,0.06507004066877542,2025-09-24 01:12:44.081543,marketing_automation_platform,161
149.7,35.6,6.0,17.3,Q1_2024_Launch,North,ProductD,Traditional,2025-03-22 01:12:44.077069,191.29999999999998,168132,4824,707.0,0.039655887230514095,0.2705799151343706,51.727093524456414,0.09043387349712495,2025-09-24 01:12:44.081543,marketing_automation_platform,195
59.6,12.0,43.1,9.7,Q1_2024_Launch,South,ProductB,Digital,2025-04-29 01:12:44.077069,114.69999999999999,73614,2969,376.0,0.03863253620747726,0.30505319148936166,23.360580193733043,0.08456843940714909,2025-09-24 01:12:44.081543,marketing_automation_platform,130
74.7,49.4,45.7,14.7,Q1_2024_Launch,Central,ProductC,Digital,2025-09-22 01:12:44.077069,169.8,106262,1208,,0.1405629139072848,1.76875,36.62108360849847,0.08657243816254416,2025-09-24 01:12:44.081543,marketing_automation_platform,38
149.8,1.3,24.3,10.1,Q4_2024_Holiday,Central,ProductD,Digital,2025-07-04 01:12:44.077069,175.40000000000003,155271,5590,638.0,0.03137745974955278,0.27492163009404397,19.001502385447022,0.057582668187001126,2025-09-24 01:12:44.081543,marketing_automation_platform,158
39.5,41.1,5.8,10.8,Q3_2024_BackToSchool,North,ProductD,Hybrid,2025-08-04 01:12:44.077069,86.39999999999999,60646,1422,56.0,0.06075949367088607,1.5428571428571427,18.780456612933445,0.12500000000000003,2025-09-24 01:12:44.081543,marketing_automation_platform,191
44.5,39.3,45.1,10.4,Q3_2024_BackToSchool,East,ProductA,Traditional,2025-09-07 01:12:44.077069,128.9,73239,3600,93.0,0.035805555555555556,1.386021505376344,27.286921569980016,0.08068269976726145,2025-09-24 01:12:44.081543,marketing_automation_platform,2
216.4,41.7,39.6,22.6,Q1_2024_Launch,South,ProductB,Digital,2025-06-15 01:12:44.077069,297.70000000000005,244956,7470,863.0,0.039852744310575644,0.3449594438006953,59.131060323669,0.07591535102452132,2025-09-24 01:12:44.081543,marketing_automation_platform,53
44.7,25.8,20.6,10.1,Q4_2024_Holiday,West,ProductB,Hybrid,2024-10-22 01:12:44.077069,91.1,61089,892,102.0,0.10213004484304931,0.8931372549019607,25.576349167878917,0.11086717892425905,2025-09-24 01:12:44.081543,marketing_automation_platform,150
0.7,39.6,8.7,1.6,Q3_2024_BackToSchool,North,ProductA,Digital,2025-06-05 01:12:44.077069,49.0,23001,817,55.0,0.05997552019583843,0.8909090909090909,3.2561569272960043,0.0326530612244898,2025-09-24 01:12:44.081543,marketing_automation_platform,131
121.0,8.4,48.7,11.6,Q4_2024_Holiday,North,ProductC,Hybrid,2024-10-06 01:12:44.077069,178.10000000000002,135186,5652,742.0,0.03151096956829441,0.2400269541778976,,0.06513194834362716,2025-09-24 01:12:44.081543,marketing_automation_platform,152
187.9,17.2,17.9,14.7,Q3_2024_BackToSchool,South,ProductB,Traditional,2024-12-13 01:12:44.077069,223.0,201134,8781,322.0,0.025395740804008655,0.6925465838509317,35.12385071629078,0.06591928251121076,2025-09-24 01:12:44.081543,marketing_automation_platform,104
135.2,41.7,45.9,17.2,Q1_2024_Launch,Central,ProductC,Hybrid,2025-01-30 01:12:44.077069,222.79999999999998,164349,4823,169.0,2.309765705992121,1.318343195266272,27.58362588361478,0.07719928186714542,2025-09-24 01:12:44.081543,marketing_automation_platform,100
139.2,14.3,25.6,12.2,Q4_2024_Holiday,Central,ProductB,Hybrid,2024-11-24 01:12:44.077069,179.1,153727,2015,242.0,0.0888833746898263,0.7400826446280991,22.59453490018638,0.06811836962590731,2025-09-24 01:12:44.081543,marketing_automation_platform,117
110.7,40.6,63.2,16.0,Q4_2024_Holiday,West,ProductA,Hybrid,2025-04-28 01:12:44.077069,214.5,143241,1950,40.0,0.11,5.3625,32.61962471198956,0.07459207459207459,2025-09-24 01:12:44.081543,marketing_automation_platform,88
213.4,24.6,13.1,17.0,Q1_2024_Launch,South,ProductA,Digital,2025-09-09 01:12:44.077069,251.1,228899,4729,245.0,0.05309790653415098,1.0248979591836735,45.076959145702894,0.0677021107128634,2025-09-24 01:12:44.081543,marketing_automation_platform,75
18.8,21.7,50.4,7.0,Q4_2024_Holiday,South,ProductA,Traditional,2025-09-18 01:12:44.077069,90.9,39344,888,116.0,0.10236486486486487,0.7836206896551725,,0.077007700770077,2025-09-24 01:12:44.081543,marketing_automation_platform,122
248.8,27.1,22.9,18.9,Q4_2024_Holiday,North,ProductB,Traditional,2025-09-03 01:12:44.077069,298.8,265406,3957,190.0,0.0755117513267627,1.5726315789473684,45.83073989580114,0.06325301204819277,2025-09-24 01:12:44.081543,marketing_automation_platform,29
218.4,27.7,53.4,18.0,Q2_2024_Summer,East,ProductA,Traditional,2025-07-14 01:12:44.077069,299.5,244273,11670,415.0,0.02566409597257926,0.7216867469879518,45.71623640221239,0.06010016694490818,2025-09-24 01:12:44.081543,marketing_automation_platform,21
286.0,13.9,3.7,15.9,Q3_2024_BackToSchool,North,ProductD,Hybrid,2025-03-14 01:12:44.077069,303.59999999999997,296119,7678,586.0,0.03954154727793696,0.5180887372013652,37.6158678955752,0.052371541501976294,2025-09-24 01:12:44.081543,marketing_automation_platform,189
109.8,14.3,31.7,12.4,Q3_2024_BackToSchool,East,ProductA,Digital,2025-03-04 01:12:44.077069,155.79999999999998,123145,1756,202.0,0.08872437357630979,0.7712871287128712,34.34016243155432,0.07958921694480103,2025-09-24 01:12:44.081543,marketing_automation_platform,72
25.0,11.0,29.7,7.2,Q3_2024_BackToSchool,North,ProductB,Hybrid,2025-06-11 01:12:44.077069,65.7,37410,605,46.0,0.10859504132231405,1.4282608695652175,11.828824285909965,0.1095890410958904,2025-09-24 01:12:44.081543,marketing_automation_platform,107
204.1,32.9,46.0,19.0,Q1_2024_Launch,North,ProductD,Traditional,2025-02-22 01:12:44.077069,283.0,230009,8931,1041.0,0.0316873810323592,0.27185398655139287,30.851493231552006,0.06713780918727916,2025-09-24 01:12:44.081543,marketing_automation_platform,15
217.7,33.5,59.0,19.4,Q4_2024_Holiday,North,ProductC,Traditional,2024-10-08 01:12:44.077069,310.2,244389,11393,1051.0,0.02722724479943825,0.2951474785918173,51.681606024730996,0.06254029658284978,2025-09-24 01:12:44.081543,marketing_automation_platform,93
165.6,10.0,17.6,12.6,Q1_2024_Launch,Central,ProductD,Traditional,2025-06-09 01:12:44.077069,193.2,173790,8220,803.0,0.023503649635036494,0.24059775840597758,35.24110699955019,0.06521739130434782,2025-09-24 01:12:44.081543,marketing_automation_platform,180
280.2,10.1,21.4,14.8,Q3_2024_BackToSchool,West,ProductD,Digital,2025-02-09 01:12:44.077069,311.7,289517,4771,603.0,0.06533221546845525,0.5169154228855721,31.191461739583143,0.04748155277510427,2025-09-24 01:12:44.081543,marketing_automation_platform,103
